OID_,FIRE_NO,VERSION_NO,FIRE_YEAR,FIRE_CAUSE,FIRELABEL,SIZE_HA,SOURCE,TRACK_DATE,LOAD_DATE,FIRE_DATE,METHOD,FCODE,SHAPE_1,OBJECTID,AREA_SQM,FEAT_LEN,Shape_Length,Shape_Area
1,C50031,2023041501.000000000000000,2023,Person,2023-C50031,15.199999999999999,2023 ROLLOVER,20230415,20231024,20230414,Hand sketch of any type,JA70003000,0.000000000000000,2703252.000000000000000,152382.735500000009779,1882.327399999999898,1882.327411302742348,152382.735516058077337
2,C50039,2023041501.000000000000000,2023,Person,2023-C50039,18.199999999999999,2023 ROLLOVER,20230415,20230418,20230415,Non-corrected ground GPS,JA70003000,0.000000000000000,2703253.000000000000000,181570.827799999999115,3158.052599999999984,3158.052590146248349,181570.827825023297919
3,C50072,2023042101.000000000000000,2023,Person,2023-C50072,47.600000000000001,2023 ROLLOVER,20230421,20230424,20230421,Non-corrected ground GPS,JA70003000,0.000000000000000,2703254.000000000000000,476351.640100000018720,6024.628200000000106,6024.628181058244991,476351.640095297771040
4,C50094,2023042601.000000000000000,2023,Person,2023-C50094,4.800000000000000,2023 ROLLOVER,20230426,20230501,20230406,Non-corrected ground GPS,JA70003000,0.000000000000000,2703255.000000000000000,47635.334499999997206,1580.569199999999910,1580.569160204802301,47635.334480118501233
5,C50100,2023043001.000000000000000,2023,Person,2023-C50100,206.099999999999994,2023 ROLLOVER,20230430,20230501,20230427,Unknown,JA70003000,0.000000000000000,2703256.000000000000000,2060823.250500000081956,9278.217399999999543,9278.217367887631553,2060823.250481606926769
6,C50101,2023043001.000000000000000,2023,Person,2023-C50101,1.500000000000000,2023 ROLLOVER,20230430,20231013,20230427,Hand sketch of any type,JA70003000,0.000000000000000,2703257.000000000000000,14963.475800000000163,652.906700000000001,652.906730833676988,14963.475812022948958
7,C50129,2023042901.000000000000000,2023,Person,2023-C50129,10.100000000000000,2023 ROLLOVER,20230429,20230501,20230429,Non-corrected ground GPS,JA70003000,0.000000000000000,2703258.000000000000000,100596.233999999996740,2646.558599999999842,2646.558576037871262,100596.234027581813280
8,C51562,2023082501.000000000000000,2023,Lightning,2023-C51562,6652.000000000000000,2023 ROLLOVER,20230825,20230825,20230707,Non-corrected ground GPS,JA70003000,0.000000000000000,2703264.000000000000000,66519840.995200000703335,59851.616300000001502,61572.685324803671392,63565103.856670886278152
9,C51919,2023072101.000000000000000,2023,Lightning,2023-C51919,26.500000000000000,2023 ROLLOVER,20230721,20230722,20230709,Non-corrected ground GPS,JA70003000,0.000000000000000,2703267.000000000000000,265228.191600000020117,2651.538199999999961,2651.538197208652036,265228.191624016559217
10,C51944,2023072101.000000000000000,2023,Lightning,2023-C51944,1.800000000000000,2023 ROLLOVER,20230721,20231010,20230718,Non-corrected ground GPS,JA70003000,0.000000000000000,2703268.000000000000000,18200.327099999998609,576.466300000000047,576.466257453896901,18200.327127469252446
11,C51974,2023072501.000000000000000,2023,Lightning,2023-C51974,1306.400000000000091,2023 ROLLOVER,20230725,20230725,20230720,Non-corrected airborne GPS,JA70003000,0.000000000000000,2703269.000000000000000,13063578.548900000751019,19876.177700000000186,19876.177696747683513,13063578.548872044309974
12,C51976,2023070401.000000000000000,2023,Lightning,2023-C51976,10.500000000000000,2023 ROLLOVER,20230704,20231023,20230720,Non-corrected ground GPS,JA70003000,0.000000000000000,2703270.000000000000000,105003.169299999994109,2013.076199999999972,2013.076195239704703,105003.169312418598565
13,C51981,2023072902.000000000000000,2023,Lightning,2023-C51981,1406.500000000000000,2023 ROLLOVER,20230729,20230804,20230720,Non-corrected ground GPS,JA70003000,0.000000000000000,2703271.000000000000000,14065254.972400000318885,29553.004700000001321,29553.004664841901104,14065254.972412850707769
14,C10431,2023052401.000000000000000,2023,Lightning,2023-C10431,75.000000000000000,2023 ROLLOVER,20230524,20230607,20230520,Non-corrected ground GPS,JA70003000,0.000000000000000,2703192.000000000000000,749536.821499999961816,7975.979099999999562,7975.979140689834821,749536.821485119871795
15,C52111,2023072201.000000000000000,2023,Lightning,2023-C52111,2.500000000000000,2023 ROLLOVER,20230722,20231010,20230721,Non-corrected ground GPS,JA70003000,0.000000000000000,2703272.000000000000000,24654.507900000000518,786.020099999999957,786.020140383203284,24654.507866220952565
16,C53002,2023090301.000000000000000,2023,Person,2023-C53002,1298.900000000000091,2023 ROLLOVER,20230903,20230903,20230828,Non-corrected ground GPS,JA70003000,0.000000000000000,2703274.000000000000000,12989388.237999999895692,19808.128199999999197,19808.128239539830247,12989388.238034127280116
17,C53478,2023120501.000000000000000,2023,Person,2023-C53478,28.399999999999999,2023 ROLLOVER,20231205,20231206,20231205,Non-corrected ground GPS,JA70003000,0.000000000000000,2703275.000000000000000,284209.523300000000745,5873.064599999999700,5873.064554811184280,284209.523321125074290
18,C11326,2023071201.000000000000000,2023,Lightning,2023-C11326,35.799999999999997,2023 ROLLOVER,20230712,20230712,20230707,Non-corrected airborne GPS,JA70003000,0.000000000000000,2703199.000000000000000,357549.090599999995902,2293.827400000000125,2293.827414644309101,357549.090642702067271
19,C11405,2023071701.000000000000000,2023,Lightning,2023-C11405,1282.400000000000091,2023 ROLLOVER,20230717,20230717,20230709,Non-corrected airborne GPS,JA70003000,0.000000000000000,2703201.000000000000000,12824262.086400000378489,15169.862900000000081,5832.616265234400089,1195568.998532683122903
20,C50014,2023040401.000000000000000,2023,Person,2023-C50014,2.100000000000000,2023 ROLLOVER,20230404,20230505,20230406,Non-corrected ground GPS,JA70003000,0.000000000000000,2703249.000000000000000,21339.795300000001589,1132.942099999999982,1132.942131610707520,21339.795274716507265
21,C50020,2023040901.000000000000000,2023,Person,2023-C50020,3.800000000000000,2023 ROLLOVER,20230409,20230418,20230408,Non-corrected ground GPS,JA70003000,0.000000000000000,2703250.000000000000000,37828.022299999996903,1549.856099999999969,1549.856093671090093,37828.022271680507401
22,C50023,2023041101.000000000000000,2023,Person,2023-C50023,10.400000000000000,2023 ROLLOVER,20230411,20230418,20230410,Non-corrected ground GPS,JA70003000,0.000000000000000,2703251.000000000000000,104303.919699999998556,2552.206200000000081,2552.206199664025917,104303.919672743082629
23,K71032,2023102701.000000000000000,2023,Lightning,2023-K71032,220.599999999999994,2023 ROLLOVER,20231027,20231030,20230630,Digitized other,JA70003000,0.000000000000000,2703599.000000000000000,2205748.041499999817461,7003.767399999999725,7003.767362213769957,2205748.041473440825939
24,K73206,2023091001.000000000000000,2023,Lightning,2023-K73206,14.199999999999999,2023 ROLLOVER,20230910,20230920,20230904,Non-corrected airborne GPS,JA70003000,0.000000000000000,2703612.000000000000000,141526.611200000013923,1620.900599999999940,1620.900645640884250,141526.611175347061362
25,C10112,2023042901.000000000000000,2023,Person,2023-C10112,2.100000000000000,2023 ROLLOVER,20230429,20230531,20230428,Non-corrected ground GPS,JA70003000,0.000000000000000,2703189.000000000000000,20640.369200000001001,693.831099999999992,693.831077930405399,20640.369151285754924
26,C10439,2023052201.000000000000000,2023,Lightning,2023-C10439,1.200000000000000,2023 ROLLOVER,20230522,20230614,20230520,Non-corrected ground GPS,JA70003000,0.000000000000000,2703193.000000000000000,11996.085800000000745,539.668599999999969,539.668573388874620,11996.085772288261069
27,C11243,2023072301.000000000000000,2023,Lightning,2023-C11243,1297.599999999999909,2023 ROLLOVER,20230723,20230723,20230707,Non-corrected ground GPS,JA70003000,0.000000000000000,2703194.000000000000000,12976019.966299999505281,30777.775499999999738,30777.775539093818225,12976019.966252164915204
28,C11290,2023071601.000000000000000,2023,Lightning,2023-C11290,2784.699999999999818,2023 ROLLOVER,20230716,20230716,20230707,Non-corrected ground GPS,JA70003000,0.000000000000000,2703195.000000000000000,27846836.404199998825788,27453.394000000000233,27453.393982838559168,27846836.404216419905424
29,C11308,2023070901.000000000000000,2023,Lightning,2023-C11308,11.000000000000000,2023 ROLLOVER,20230709,20230906,20230708,Non-corrected ground GPS,JA70003000,0.000000000000000,2703196.000000000000000,109908.042000000001281,1742.932199999999966,1742.932232311505459,109908.042017884014058
30,G10177,2023052301.000000000000000,2023,Person,2023-G10177,1.700000000000000,2023 ROLLOVER,20230523,20230523,20230502,Non-corrected ground GPS,JA70003000,0.000000000000000,2703277.000000000000000,17392.906800000000658,722.924600000000055,722.924603663192102,17392.906831551586947
31,G10199,2023040401.000000000000000,2023,Person,2023-G10199,1.900000000000000,2023 ROLLOVER,20230404,20230518,20230504,Non-corrected ground GPS,JA70003000,0.000000000000000,2703278.000000000000000,19433.674999999999272,805.569299999999998,805.569277605619277,19433.674975989099039
32,C11319,2023071701.000000000000000,2023,Lightning,2023-C11319,339.300000000000011,2023 ROLLOVER,20230717,20230717,20230708,Non-corrected airborne GPS,JA70003000,0.000000000000000,2703197.000000000000000,3392736.360499999951571,10509.782400000000052,10509.782416165819086,3392736.360500928480178
33,C11321,2023071701.000000000000000,2023,Lightning,2023-C11321,32.000000000000000,2023 ROLLOVER,20230717,20230717,20230708,Non-corrected airborne GPS,JA70003000,0.000000000000000,2703198.000000000000000,319726.407100000011269,2596.500900000000001,2596.500926506390897,319726.407101116725244
34,C11328,2023071201.000000000000000,2023,Lightning,2023-C11328,5.000000000000000,2023 ROLLOVER,20230712,20230712,20230707,Non-corrected airborne GPS,JA70003000,0.000000000000000,2703200.000000000000000,49627.852599999998347,1141.607099999999946,1141.607052185813473,49627.852585170920065
35,G41848,2023112801.000000000000000,2023,Lightning,2023-G41848,2.400000000000000,2023 ROLLOVER,20231128,20231218,20230716,Non-corrected ground GPS,JA70003000,0.000000000000000,2703338.000000000000000,23608.213100000000850,730.125499999999988,730.125519638279002,23608.213057437551470
36,G41949,2023072201.000000000000000,2023,Lightning,2023-G41949,21.500000000000000,2023 ROLLOVER,20230722,20230723,20230714,Non-corrected airborne GPS,JA70003000,0.000000000000000,2703339.000000000000000,214939.418899999989662,1781.609600000000000,1781.609635510948692,214939.418899758486077
37,G41966,2023072201.000000000000000,2023,Lightning,2023-G41966,6.300000000000000,2023 ROLLOVER,20230722,20230801,20230719,Non-corrected airborne GPS,JA70003000,0.000000000000000,2703340.000000000000000,63214.366900000000896,1164.373199999999997,1164.373194330751630,63214.366868672950659
38,G43171,2023090801.000000000000000,2023,Lightning,2023-G43171,12.199999999999999,2023 ROLLOVER,20230908,20230909,20230906,Non-corrected ground GPS,JA70003000,0.000000000000000,2703341.000000000000000,122228.503800000005867,1665.339699999999993,1665.339674283803561,122228.503841915517114
39,G50297,2024012501.000000000000000,2023,Person,2023-G50297,1.200000000000000,2023 ROLLOVER,20240125,20240125,20230513,Hand sketch of any type,JA70003000,0.000000000000000,2703342.000000000000000,12021.222900000000664,1081.336999999999989,1081.336979015445877,12021.222899744530878
40,C11437,2023080202.000000000000000,2023,Lightning,2023-C11437,4422.100000000000364,2023 ROLLOVER,20230802,20230802,20230709,Non-corrected ground GPS,JA70003000,0.000000000000000,2703202.000000000000000,44220628.560400001704693,44366.419099999999162,44366.419138800607470,44220628.560391724109650
41,C11499,2023080301.000000000000000,2023,Lightning,2023-C11499,7864.000000000000000,2023 ROLLOVER,20230803,20230803,20230709,Non-corrected ground GPS,JA70003000,0.000000000000000,2703205.000000000000000,78639632.779300004243851,75448.026899999997113,75448.026909462758340,78639632.779338151216507
42,C11892,2023072201.000000000000000,2023,Lightning,2023-C11892,341.899999999999977,2023 ROLLOVER,20230722,20230722,20230717,Non-corrected airborne GPS,JA70003000,0.000000000000000,2703206.000000000000000,3418894.868100000079721,8873.328900000000431,8873.328880167769967,3418894.868096165359020
43,G11454,2023071801.000000000000000,2023,Lightning,2023-G11454,14.100000000000000,2023 ROLLOVER,20230718,20230719,20230708,Non-corrected ground GPS,JA70003000,0.000000000000000,2703290.000000000000000,140754.533499999990454,1760.879100000000108,1760.879129099752618,140754.533463181054685
44,G11504,2023071501.000000000000000,2023,Lightning,2023-G11504,6.500000000000000,2023 ROLLOVER,20230715,20230721,20230710,Non-corrected ground GPS,JA70003000,0.000000000000000,2703291.000000000000000,65436.722999999998137,1373.121100000000069,1373.121097424615300,65436.723017407886800
45,G11618,2023072001.000000000000000,2023,Lightning,2023-G11618,38.000000000000000,2023 ROLLOVER,20230720,20230721,20230712,Non-corrected airborne GPS,JA70003000,0.000000000000000,2703293.000000000000000,380077.641599999973550,4184.975599999999758,4184.975555674799580,380077.641586146492045
46,G11748,2023071601.000000000000000,2023,Lightning,2023-G11748,1.400000000000000,2023 ROLLOVER,20230716,20230722,20230709,Non-corrected ground GPS,JA70003000,0.000000000000000,2703294.000000000000000,14437.221700000000055,1182.308399999999892,1182.308361237628787,14437.221664085642260
47,C11914,2023072101.000000000000000,2023,Lightning,2023-C11914,1.600000000000000,2023 ROLLOVER,20230721,20230731,20230719,Non-corrected ground GPS,JA70003000,0.000000000000000,2703207.000000000000000,15679.451499999999214,684.422699999999963,684.422658327695331,15679.451520744420122
48,C12204,2023112101.000000000000000,2023,Lightning,2023-C12204,0.700000000000000,2023 ROLLOVER,20231121,20231121,20230722,Digitized other,JA70003000,0.000000000000000,2703209.000000000000000,7344.541599999999562,439.198500000000024,439.198506052184541,7344.541603842839322
49,C13305,2023101701.000000000000000,2023,Person,2023-C13305,10.400000000000000,2023 ROLLOVER,20231017,20231017,20230917,Non-corrected ground GPS,JA70003000,0.000000000000000,2703210.000000000000000,104389.883700000005774,2850.676199999999881,2850.676161315312129,104389.883710611247807
50,G50856,2023072502.000000000000000,2023,Lightning,2023-G50856,5712.699999999999818,2023 ROLLOVER,20230725,20230828,20230623,Derived from satellite imagery,JA70003000,0.000000000000000,2703345.000000000000000,57127275.314900003373623,50459.569999999999709,50459.569952622892743,57127275.314900979399681
51,G50912,2023072101.000000000000000,2023,Lightning,2023-G50912,816.899999999999977,2023 ROLLOVER,20230721,20230721,20230625,Processed IR image,JA70003000,0.000000000000000,2703347.000000000000000,8168548.654699999839067,13610.167499999999563,13610.167521162455159,8168548.654727825894952
52,G50916,2024011601.000000000000000,2023,Lightning,2023-G50916,1.200000000000000,2023 ROLLOVER,20240116,20240116,20230618,Hand sketch of any type,JA70003000,0.000000000000000,2703348.000000000000000,12096.381100000000515,435.864100000000008,435.864108825131780,12096.381147701215014
53,G51279,2023092302.000000000000000,2023,Lightning,2023-G51279,47888.300000000002910,2023 ROLLOVER,20230923,20230923,20230708,Processed IR image,JA70003000,0.000000000000000,2703349.000000000000000,478882964.461099982261658,152876.899200000014389,152876.899233193078544,478882964.461083650588989
54,G51284,2023122101.000000000000000,2023,Lightning,2023-G51284,7.100000000000000,2023 ROLLOVER,20231221,20231222,20230708,Hand sketch of any type,JA70003000,0.000000000000000,2703350.000000000000000,70681.475399999995716,1166.426699999999983,1166.426747605040418,70681.475427225552266
55,G51344,2023092701.000000000000000,2023,Lightning,2023-G51344,5219.600000000000364,2023 ROLLOVER,20230927,20230928,20230708,Non-corrected airborne GPS,JA70003000,0.000000000000000,2703351.000000000000000,52195808.748300001025200,74748.906099999992875,74748.906112475713599,52195808.748258382081985
56,G51474,2023091001.000000000000000,2023,Lightning,2023-G51474,1503.400000000000091,2023 ROLLOVER,20230910,20230910,20230708,Processed IR image,JA70003000,0.000000000000000,2703353.000000000000000,15034023.612800000235438,23811.252100000001519,23811.252104464660079,15034023.612808784469962
57,G11978,2023072201.000000000000000,2023,Lightning,2023-G11978,6.100000000000000,2023 ROLLOVER,20230722,20230809,20230720,Non-corrected ground GPS,JA70003000,0.000000000000000,2703297.000000000000000,60612.519599999999627,1404.774200000000064,1404.774180548915410,60612.519551637087716
58,G12007,2023072101.000000000000000,2023,Lightning,2023-G12007,8.500000000000000,2023 ROLLOVER,20230721,20230722,20230720,Non-corrected ground GPS,JA70003000,0.000000000000000,2703299.000000000000000,85039.012400000006892,3248.943200000000161,3248.943230775488246,85039.012433354495442
59,G12034,2024020801.000000000000000,2023,Lightning,2023-G12034,0.400000000000000,2023 ROLLOVER,20240208,20240208,20230720,Hand sketch of any type,JA70003000,0.000000000000000,2703300.000000000000000,4165.557399999999689,280.533399999999972,280.533378028942593,4165.557424060631092
60,G40324,2023052001.000000000000000,2023,Lightning,2023-G40324,142.699999999999989,2023 ROLLOVER,20230520,20230521,20230515,Hand sketch of any type,JA70003000,0.000000000000000,2703317.000000000000000,1426797.689199999906123,6657.414700000000266,6657.414701560747744,1426797.689192703226581
61,G41035,2023070101.000000000000000,2023,Lightning,2023-G41035,1.900000000000000,2023 ROLLOVER,20230701,20230720,20230701,Non-corrected ground GPS,JA70003000,0.000000000000000,2703318.000000000000000,18636.705300000001444,1048.395299999999907,1048.395316319785934,18636.705265617525583
62,G41149,2023071201.000000000000000,2023,Lightning,2023-G41149,501.100000000000023,2023 ROLLOVER,20230712,20230712,20230701,Unknown,JA70003000,0.000000000000000,2703319.000000000000000,5010611.542700000107288,12407.763999999999214,12407.763961396403829,5010611.542701666243374
63,G41158,2023091501.000000000000000,2023,Lightning,2023-G41158,21926.500000000000000,2023 ROLLOVER,20230915,20230916,20230706,Non-corrected airborne GPS,JA70003000,0.000000000000000,2703320.000000000000000,219265444.708900004625320,101474.975500000000466,96874.837989274470601,149471571.902838319540024
64,G41208,2023071101.000000000000000,2023,Lightning,2023-G41208,8.100000000000000,2023 ROLLOVER,20230711,20230711,20230707,Non-corrected ground GPS,JA70003000,0.000000000000000,2703321.000000000000000,81058.288899999999558,1328.968299999999999,1328.968347252547574,81058.288903252614546
65,G51491,2023071201.000000000000000,2023,Lightning,2023-G51491,1.500000000000000,2023 ROLLOVER,20230712,20230712,20230709,Non-corrected ground GPS,JA70003000,0.000000000000000,2703354.000000000000000,14698.861999999999171,507.801199999999994,507.801242136322287,14698.862017173867571
66,G51542,2023072401.000000000000000,2023,Lightning,2023-G51542,32.399999999999999,2023 ROLLOVER,20230724,20230724,20230710,Non-corrected ground GPS,JA70003000,0.000000000000000,2703355.000000000000000,324383.740200000000186,3229.587799999999788,3229.587836758086269,324383.740170944016427
67,G51564,2023092501.000000000000000,2023,Lightning,2023-G51564,6143.199999999999818,2023 ROLLOVER,20230925,20230925,20230710,Processed IR image,JA70003000,0.000000000000000,2703356.000000000000000,61431889.982900001108646,74664.263399999996182,77950.954993593622930,49356350.210404179990292
68,G51755,2023091001.000000000000000,2023,Lightning,2023-G51755,121.900000000000006,2023 ROLLOVER,20230910,20230910,20230715,Processed IR image,JA70003000,0.000000000000000,2703358.000000000000000,1219012.402400000020862,5891.402600000000348,5891.402622642166534,1219012.402424453059211
69,G51758,2023071801.000000000000000,2023,Lightning,2023-G51758,4.100000000000000,2023 ROLLOVER,20230718,20231129,20230715,Non-corrected ground GPS,JA70003000,0.000000000000000,2703359.000000000000000,41220.586699999999837,1678.998800000000074,1678.998763270460358,41220.586695775709813
70,G51823,2023072701.000000000000000,2023,Lightning,2023-G51823,0.700000000000000,2023 ROLLOVER,20230727,20230727,20230717,Non-corrected ground GPS,JA70003000,0.000000000000000,2703360.000000000000000,6909.191300000000410,595.676000000000045,595.675955766919060,6909.191253885906008
71,G51902,2023080301.000000000000000,2023,Lightning,2023-G51902,4.900000000000000,2023 ROLLOVER,20230803,20230803,20230718,Non-corrected airborne GPS,JA70003000,0.000000000000000,2703361.000000000000000,48634.165800000002491,1801.676500000000033,1801.676494357891215,48634.165831408725353
72,G12157,2023091901.000000000000000,2023,Lightning,2023-G12157,5.300000000000000,2023 ROLLOVER,20230919,20231201,20230718,Non-corrected airborne GPS,JA70003000,0.000000000000000,2703304.000000000000000,53471.318599999998696,1046.837700000000041,1046.837701925651118,53471.318586276414862
73,G12495,2024013001.000000000000000,2023,Lightning,2023-G12495,0.400000000000000,2023 ROLLOVER,20240130,20240131,20230804,Hand sketch of any type,JA70003000,0.000000000000000,2703307.000000000000000,4010.492699999999786,309.879700000000014,309.879712528140658,4010.492703136084401
74,G41304,2023071602.000000000000000,2023,Lightning,2023-G41304,32.700000000000003,2023 ROLLOVER,20230716,20230716,20230707,Non-corrected airborne GPS,JA70003000,0.000000000000000,2703322.000000000000000,327410.797800000000279,2957.735299999999825,2957.735340162847933,327410.797777942963876
75,G41307,2023091702.000000000000000,2023,Lightning,2023-G41307,44642.699999999997090,2023 ROLLOVER,20230917,20230918,20230708,Digitized other,JA70003000,0.000000000000000,2703323.000000000000000,446426582.757600009441376,253546.421399999991991,253546.421370285592275,446426582.757640719413757
76,G41422,2023071801.000000000000000,2023,Lightning,2023-G41422,780.000000000000000,2023 ROLLOVER,20230718,20230818,20230709,Processed IR image,JA70003000,0.000000000000000,2703324.000000000000000,7800367.573800000362098,16770.297500000000582,16770.297471137200773,7800367.573791129514575
77,G41425,2024012901.000000000000000,2023,Lightning,2023-G41425,7.100000000000000,2023 ROLLOVER,20240129,20240129,20230705,Hand sketch of any type,JA70003000,0.000000000000000,2703325.000000000000000,70665.652000000001863,1131.094200000000001,1131.094154473912567,70665.651975385626429
78,G41445,2023072301.000000000000000,2023,Lightning,2023-G41445,66.500000000000000,2023 ROLLOVER,20230723,20230723,20230708,Non-corrected airborne GPS,JA70003000,0.000000000000000,2703326.000000000000000,665400.518999999971129,3791.858499999999822,3791.858517045447570,665400.518958143424243
79,G41466,2023090801.000000000000000,2023,Lightning,2023-G41466,261.800000000000011,2023 ROLLOVER,20230908,20230908,20230709,Processed IR image,JA70003000,0.000000000000000,2703327.000000000000000,2618303.019299999810755,11860.839599999999336,11860.839560332262408,2618303.019291437231004
80,G41493,2023090801.000000000000000,2023,Lightning,2023-G41493,4878.600000000000364,2023 ROLLOVER,20230908,20230908,20230710,Processed IR image,JA70003000,0.000000000000000,2703328.000000000000000,48786218.853000000119209,49552.269599999999627,49552.269564055415685,48786218.853037357330322
81,G41502,2023092302.000000000000000,2023,Lightning,2023-G41502,34826.199999999997090,2023 ROLLOVER,20230923,20230923,20230710,Digitized other,JA70003000,0.000000000000000,2703329.000000000000000,348261629.867699980735779,133470.310900000011316,133470.310852557042381,348261629.867655694484711
82,G41509,2023072401.000000000000000,2023,Lightning,2023-G41509,104.400000000000006,2023 ROLLOVER,20230724,20230725,20230710,Derived from satellite imagery,JA70003000,0.000000000000000,2703330.000000000000000,1044057.035000000032596,4171.113699999999881,4171.113657143897399,1044057.035005072480999
83,G11147,2023071501.000000000000000,2023,Lightning,2023-G11147,2.300000000000000,2023 ROLLOVER,20230715,20230721,20230705,Non-corrected airborne GPS,JA70003000,0.000000000000000,2703281.000000000000000,22830.408800000001065,907.102800000000002,907.102834859439895,22830.408843413675640
84,G11240,2023073101.000000000000000,2023,Lightning,2023-G11240,224.199999999999989,2023 ROLLOVER,20230731,20230808,20230706,Non-corrected airborne GPS,JA70003000,0.000000000000000,2703283.000000000000000,2241559.379000000189990,7758.787900000000263,7758.787879022135712,2241559.378977383021265
85,G11293,2023072601.000000000000000,2023,Lightning,2023-G11293,2263.900000000000091,2023 ROLLOVER,20230726,20230727,20230708,Derived from satellite imagery,JA70003000,0.000000000000000,2703285.000000000000000,22639287.342199999839067,31908.589199999998527,31908.589193657899159,22639287.342238221317530
86,G11297,2024020701.000000000000000,2023,Lightning,2023-G11297,1.700000000000000,2023 ROLLOVER,20240207,20240207,20230707,Digitized from image,JA70003000,0.000000000000000,2703286.000000000000000,17031.952600000000530,557.149000000000001,557.148982631150943,17031.952605951584701
87,G12541,2023081901.000000000000000,2023,Lightning,2023-G12541,1.200000000000000,2023 ROLLOVER,20230819,20230820,20230804,Non-corrected ground GPS,JA70003000,0.000000000000000,2703308.000000000000000,12180.925499999999374,650.488699999999994,650.488713210843798,12180.925468695677409
88,G41511,2023092101.000000000000000,2023,Lightning,2023-G41511,4767.800000000000182,2023 ROLLOVER,20230921,20230921,20230710,Non-corrected ground GPS,JA70003000,0.000000000000000,2703331.000000000000000,47678020.909699998795986,41690.484499999998661,41690.484511738759466,47678020.909718282520771
89,G41560,2023081801.000000000000000,2023,Lightning,2023-G41560,1144.299999999999955,2023 ROLLOVER,20230818,20230818,20230711,Non-corrected airborne GPS,JA70003000,0.000000000000000,2703332.000000000000000,11443129.237999999895692,30103.752300000000105,30103.752260599063447,11443129.238005615770817
90,G41569,2023072301.000000000000000,2023,Lightning,2023-G41569,801.100000000000023,2023 ROLLOVER,20230723,20230723,20230711,Non-corrected airborne GPS,JA70003000,0.000000000000000,2703333.000000000000000,8010961.412899999879301,18468.467100000001665,18468.467093310107884,8010961.412851667962968
91,G41588,2023121801.000000000000000,2023,Lightning,2023-G41588,10.699999999999999,2023 ROLLOVER,20231218,20231218,20230711,Hand sketch of any type,JA70003000,0.000000000000000,2703334.000000000000000,107112.018100000001141,1681.758499999999913,1681.758511194168932,107112.018107895448338
92,G41593,2023071301.000000000000000,2023,Lightning,2023-G41593,29.399999999999999,2023 ROLLOVER,20230713,20230801,20230712,Processed IR image,JA70003000,0.000000000000000,2703335.000000000000000,293819.304500000027474,2719.828100000000177,2719.828071427167288,293819.304513944021892
93,G41606,2023072301.000000000000000,2023,Lightning,2023-G41606,56.799999999999997,2023 ROLLOVER,20230723,20230723,20230712,Non-corrected airborne GPS,JA70003000,0.000000000000000,2703336.000000000000000,568088.272400000016205,3810.792899999999918,3810.792906160768325,568088.272377915331163
94,G41682,2023072701.000000000000000,2023,Lightning,2023-G41682,2.300000000000000,2023 ROLLOVER,20230727,20230727,20230714,Non-corrected ground GPS,JA70003000,0.000000000000000,2703337.000000000000000,23240.789799999998650,608.437000000000012,608.437048738080080,23240.789769409315340
95,R21673,2023091001.000000000000000,2023,Lightning,2023-R21673,4369.300000000000182,2023 ROLLOVER,20230910,20230917,20230709,Non-corrected airborne GPS,JA70003000,0.000000000000000,2703727.000000000000000,43692542.016800001263618,48293.514999999999418,48293.514958956206101,43692542.016827978193760
96,R22794,2023082301.000000000000000,2023,Lightning,2023-R22794,4.200000000000000,2023 ROLLOVER,20230823,20231117,20230817,Non-corrected ground GPS,JA70003000,0.000000000000000,2703729.000000000000000,41662.972000000001572,1789.502999999999929,1789.502961767245552,41662.972002336558944
97,R23091,2023092101.000000000000000,2023,Lightning,2023-R23091,1255.500000000000000,2023 ROLLOVER,20230921,20230921,20230721,Non-corrected airborne GPS,JA70003000,0.000000000000000,2703731.000000000000000,12554720.952099999412894,19315.646100000001752,19315.646137966938113,12554720.952108358964324
98,VA1381,2023090201.000000000000000,2023,Lightning,2023-VA1381,40580.300000000002910,2023 ROLLOVER,20230902,20230902,20230707,Non-corrected airborne GPS,JA70003000,0.000000000000000,2703848.000000000000000,405802678.731100022792816,121694.732999999992899,75198.966139943557209,126171831.473085731267929
99,G52955,2023091101.000000000000000,2023,Lightning,2023-G52955,1590.599999999999909,2023 ROLLOVER,20230911,20230912,20230826,Non-corrected airborne GPS,JA70003000,0.000000000000000,2703365.000000000000000,15906457.922100000083447,29138.692800000000716,29138.692752020218904,15906457.922089844942093
100,G52996,2024012501.000000000000000,2023,Lightning,2023-G52996,1.000000000000000,2023 ROLLOVER,20240125,20240125,20230825,Hand sketch of any type,JA70003000,0.000000000000000,2703366.000000000000000,10090.833300000000236,429.500999999999976,429.501015280702575,10090.833301793189094
101,R11387,2023092001.000000000000000,2023,Lightning,2023-R11387,12141.700000000000728,2023 ROLLOVER,20230920,20230921,20230708,Non-corrected airborne GPS,JA70003000,0.000000000000000,2703701.000000000000000,121416964.193200007081032,71797.842000000004191,71797.842006676801248,121416964.193239212036133
102,R11388,2023072001.000000000000000,2023,Lightning,2023-R11388,3020.199999999999818,2023 ROLLOVER,20230720,20230720,20230707,Hand sketch of any type,JA70003000,0.000000000000000,2703702.000000000000000,30201653.065099999308586,25882.597799999999552,25882.597779099520267,30201653.065065812319517
103,R11417,2023071001.000000000000000,2023,Lightning,2023-R11417,5.000000000000000,2023 ROLLOVER,20230710,20230710,20230708,Non-corrected airborne GPS,JA70003000,0.000000000000000,2703703.000000000000000,50218.229599999998754,840.337599999999952,840.337631611805591,50218.229605657928914
104,R11558,2023112001.000000000000000,2023,Lightning,2023-R11558,2.400000000000000,2023 ROLLOVER,20231120,20231121,20230711,Hand sketch of any type,JA70003000,0.000000000000000,2703706.000000000000000,24136.723500000000058,662.763699999999972,662.763723044813673,24136.723470545726741
105,R11592,2023080601.000000000000000,2023,Lightning,2023-R11592,696.799999999999955,2023 ROLLOVER,20230806,20230807,20230708,Non-corrected airborne GPS,JA70003000,0.000000000000000,2703707.000000000000000,6968065.309600000269711,14558.947899999999208,14558.947883770448243,6968065.309616510756314
106,R11725,2023071401.000000000000000,2023,Lightning,2023-R11725,230.300000000000011,2023 ROLLOVER,20230714,20230716,20230708,Hand sketch of any type,JA70003000,0.000000000000000,2703708.000000000000000,2303078.702000000048429,8367.681800000000294,8367.681818290891897,2303078.702033733483404
107,R11963,2023112001.000000000000000,2023,Lightning,2023-R11963,2.000000000000000,2023 ROLLOVER,20231120,20231121,20230720,Hand sketch of any type,JA70003000,0.000000000000000,2703709.000000000000000,19685.428899999998976,537.019300000000044,537.019312931864647,19685.428863790351897
108,R11968,2023080701.000000000000000,2023,Lightning,2023-R11968,2.200000000000000,2023 ROLLOVER,20230807,20230807,20230720,Digitized from image,JA70003000,0.000000000000000,2703710.000000000000000,22208.647499999999127,534.486999999999966,534.486964735471361,22208.647460294898337
109,R12656,2023112001.000000000000000,2023,Person,2023-R12656,1.100000000000000,2023 ROLLOVER,20231120,20231121,20230808,Hand sketch of any type,JA70003000,0.000000000000000,2703711.000000000000000,10586.283400000000256,391.592199999999991,391.592248975674863,10586.283448175956437
110,R13032,2023111001.000000000000000,2023,Lightning,2023-R13032,18.100000000000001,2023 ROLLOVER,20231110,20231110,20230806,Hand sketch of any type,JA70003000,0.000000000000000,2703712.000000000000000,181260.531199999997625,1862.046900000000051,1862.046896360357323,181260.531243929814082
111,R13068,2023092001.000000000000000,2023,Lightning,2023-R13068,418.899999999999977,2023 ROLLOVER,20230920,20230921,20230828,Non-corrected airborne GPS,JA70003000,0.000000000000000,2703713.000000000000000,4188882.478000000119209,10993.327799999999115,10993.327845847861681,4188882.477997543755919
112,R13093,2023092001.000000000000000,2023,Lightning,2023-R13093,912.799999999999955,2023 ROLLOVER,20230920,20230921,20230828,Non-corrected airborne GPS,JA70003000,0.000000000000000,2703714.000000000000000,9128164.297800000756979,14484.190699999999197,14484.190658112485835,9128164.297806624323130
113,R10108,2023062201.000000000000000,2023,Person,2023-R10108,1.900000000000000,2023 ROLLOVER,20230622,20230622,20230428,Hand sketch of any type,JA70003000,0.000000000000000,2703689.000000000000000,19377.155299999998533,695.498500000000035,695.498481190712823,19377.155255025096267
114,R10185,2023112001.000000000000000,2023,Person,2023-R10185,3.000000000000000,2023 ROLLOVER,20231120,20231123,20230412,Hand sketch of any type,JA70003000,0.000000000000000,2703690.000000000000000,30155.904099999999744,745.898599999999988,745.898570582552111,30155.904126338758942
115,R10344,2023112001.000000000000000,2023,Person,2023-R10344,17.600000000000001,2023 ROLLOVER,20231120,20231123,20230516,Hand sketch of any type,JA70003000,0.000000000000000,2703691.000000000000000,175812.738000000012107,1716.776699999999892,1716.776740953622266,175812.738042007695185
116,R10501,2023052601.000000000000000,2023,Lightning,2023-R10501,13.800000000000001,2023 ROLLOVER,20230526,20230529,20230510,Non-corrected ground GPS,JA70003000,0.000000000000000,2703692.000000000000000,138481.105999999999767,3230.862399999999980,3230.862350526076625,138481.105968501069583
117,R10507,2023060101.000000000000000,2023,Lightning,2023-R10507,81.299999999999997,2023 ROLLOVER,20230601,20230602,20230527,Non-corrected ground GPS,JA70003000,0.000000000000000,2703693.000000000000000,812947.386100000003353,7715.997400000000198,7715.997446364505777,812947.386145225493237
118,R21217,2023091901.000000000000000,2023,Lightning,2023-R21217,9799.399999999999636,2023 ROLLOVER,20230919,20230920,20230707,Non-corrected airborne GPS,JA70003000,0.000000000000000,2703719.000000000000000,97993999.183200001716614,82992.620899999994435,82992.620871030710987,97993999.183154791593552
119,R21225,2023071301.000000000000000,2023,Lightning,2023-R21225,85.700000000000003,2023 ROLLOVER,20230713,20230713,20230707,Hand sketch of any type,JA70003000,0.000000000000000,2703720.000000000000000,857492.340500000049360,3664.059099999999944,3221.359256199745687,454154.666482108063065
120,R21234,2023071601.000000000000000,2023,Lightning,2023-R21234,6758.000000000000000,2023 ROLLOVER,20230716,20230716,20230707,Non-corrected airborne GPS,JA70003000,0.000000000000000,2703721.000000000000000,67579791.257899999618530,51447.641700000000128,51447.641662713213009,67579791.257937297224998
121,R21377,2023091201.000000000000000,2023,Lightning,2023-R21377,4762.199999999999818,2023 ROLLOVER,20230912,20230913,20230708,Non-corrected airborne GPS,JA70003000,0.000000000000000,2703723.000000000000000,47622431.316299997270107,88870.913799999994808,88870.913816789689008,47622431.316260606050491
122,R21609,2023073001.000000000000000,2023,Lightning,2023-R21609,201.000000000000000,2023 ROLLOVER,20230730,20230730,20230709,Non-corrected airborne GPS,JA70003000,0.000000000000000,2703724.000000000000000,2009635.071299999952316,7146.656100000000151,7146.656121688382882,2009635.071331972023472
123,R21622,2023112001.000000000000000,2023,Lightning,2023-R21622,20.300000000000001,2023 ROLLOVER,20231120,20231123,20230708,Hand sketch of any type,JA70003000,0.000000000000000,2703725.000000000000000,203085.402999999991152,1809.338199999999915,1809.338172265985349,203085.403004065679852
124,R11222,2023071001.000000000000000,2023,Lightning,2023-R11222,30.000000000000000,2023 ROLLOVER,20230710,20230710,20230707,Non-corrected ground GPS,JA70003000,0.000000000000000,2703694.000000000000000,299959.368000000016764,2610.769099999999980,2610.769105027374280,299959.367964201781433
125,R11238,2023071901.000000000000000,2023,Lightning,2023-R11238,358.800000000000011,2023 ROLLOVER,20230719,20230720,20230707,Non-corrected airborne GPS,JA70003000,0.000000000000000,2703695.000000000000000,3588214.058000000193715,9805.876500000000306,9805.876450439887776,3588214.057993081863970
126,R11244,2023072601.000000000000000,2023,Lightning,2023-R11244,8044.100000000000364,2023 ROLLOVER,20230726,20230726,20230707,Non-corrected airborne GPS,JA70003000,0.000000000000000,2703696.000000000000000,80441487.281599998474121,55806.541499999999360,55806.541544774794602,80441487.281629025936127
127,R11282,2023090401.000000000000000,2023,Lightning,2023-R11282,24810.900000000001455,2023 ROLLOVER,20230904,20230904,20230707,Derived from satellite imagery,JA70003000,0.000000000000000,2703699.000000000000000,248108594.645200014114380,119084.498699999996461,119084.498737508925842,248108594.645227611064911
128,G52871,2023082401.000000000000000,2023,Lightning,2023-G52871,1.100000000000000,2023 ROLLOVER,20230824,20230831,20230802,Non-corrected ground GPS,JA70003000,0.000000000000000,2703363.000000000000000,11226.078900000000431,729.530499999999961,729.530522264305887,11226.078891303444834
129,C12135,2023073001.000000000000000,2023,Lightning,2023-C12135,251.900000000000006,2023 ROLLOVER,20230730,20230730,20230721,Hand sketch of any type,JA70003000,0.000000000000000,2703208.000000000000000,2518645.380299999844283,10990.843500000000859,10990.843526956054120,2518645.380258949939162
130,C20082,2023101001.000000000000000,2023,Person,2023-C20082,17.100000000000001,2023 ROLLOVER,20231010,20231010,20230423,Hand sketch of any type,JA70003000,0.000000000000000,2703211.000000000000000,171012.904899999994086,2104.448100000000068,2104.448086136906113,171012.904870891943574
131,C20093,2023042701.000000000000000,2023,Person,2023-C20093,105.200000000000003,2023 ROLLOVER,20230427,20230509,20230426,Digitized other,JA70003000,0.000000000000000,2703212.000000000000000,1051819.769799999892712,7476.647299999999632,7476.647280958791271,1051819.769819142529741
132,G32320,2023082801.000000000000000,2023,Lightning,2023-G32320,93.099999999999994,2023 ROLLOVER,20230828,20230828,20230721,Hand sketch of any type,JA70003000,0.000000000000000,2703313.000000000000000,930811.892200000002049,4478.128200000000106,4478.128221390409635,930811.892203900613822
133,G32441,2023080801.000000000000000,2023,Lightning,2023-G32441,213.800000000000011,2023 ROLLOVER,20230808,20230809,20230725,Non-corrected airborne GPS,JA70003000,0.000000000000000,2703314.000000000000000,2137928.532399999909103,6319.703199999999924,6319.703169166188673,2137928.532440351787955
134,G32885,2023090402.000000000000000,2023,Lightning,2023-G32885,3.500000000000000,2023 ROLLOVER,20230904,20230905,20230817,Non-corrected ground GPS,JA70003000,0.000000000000000,2703315.000000000000000,35155.397900000003574,1211.530400000000100,1211.530402340083356,35155.397850631110487
135,C20095,2023042701.000000000000000,2023,Person,2023-C20095,4.900000000000000,2023 ROLLOVER,20230427,20230710,20230426,Non-corrected ground GPS,JA70003000,0.000000000000000,2703213.000000000000000,49151.921099999999569,1252.690700000000106,1252.690675969931362,49151.921125841057801
136,C20133,2023042901.000000000000000,2023,Person,2023-C20133,2.100000000000000,2023 ROLLOVER,20230429,20230509,20230429,Non-corrected ground GPS,JA70003000,0.000000000000000,2703214.000000000000000,21010.581600000001345,889.703099999999949,889.703133284760042,21010.581604851606244
137,C21329,2023070801.000000000000000,2023,Lightning,2023-C21329,1.000000000000000,2023 ROLLOVER,20230708,20230918,20230708,Non-corrected ground GPS,JA70003000,0.000000000000000,2703215.000000000000000,10036.570799999999508,563.061699999999973,563.061714748490090,10036.570824790185725
138,C21501,2023071101.000000000000000,2023,Lightning,2023-C21501,1.100000000000000,2023 ROLLOVER,20230711,20240111,20230709,Unknown,JA70003000,0.000000000000000,2703216.000000000000000,10828.031199999999444,447.593999999999994,447.594036642561605,10828.031201074665660
139,C21565,2024011101.000000000000000,2023,Lightning,2023-C21565,1.300000000000000,2023 ROLLOVER,20240111,20240115,20230711,Digitized from image,JA70003000,0.000000000000000,2703217.000000000000000,12900.144200000000637,519.285200000000032,519.285155128393853,12900.144176972156856
140,C21942,2023101201.000000000000000,2023,Lightning,2023-C21942,6.000000000000000,2023 ROLLOVER,20231012,20240109,20230719,Hand sketch of any type,JA70003000,0.000000000000000,2703218.000000000000000,59584.582000000002154,1025.459399999999960,1025.459449478280931,59584.581968047881674
141,C22374,2023080101.000000000000000,2023,Lightning,2023-C22374,1.500000000000000,2023 ROLLOVER,20230801,20230810,20230730,Non-corrected ground GPS,JA70003000,0.000000000000000,2703219.000000000000000,14648.832000000000335,693.150200000000041,693.150206698768784,14648.832032104404789
142,C22544,2023101001.000000000000000,2023,Lightning,2023-C22544,1.500000000000000,2023 ROLLOVER,20231010,20231010,20230801,Digitized from aerial photo,JA70003000,0.000000000000000,2703220.000000000000000,14555.668600000000879,909.134400000000028,909.134369813044827,14555.668623517451124
143,C23535,2024032701.000000000000000,2023,Person,2023-C23535,27.699999999999999,2023 ROLLOVER,20240327,20240328,20240326,Non-corrected ground GPS,JA70003000,0.000000000000000,2703221.000000000000000,276678.354200000001583,2706.165300000000116,2706.165275284030486,276678.354186396230944
144,C30399,2023072901.000000000000000,2023,Lightning,2023-C30399,963.700000000000045,2023 ROLLOVER,20230729,20230729,20230519,Non-corrected airborne GPS,JA70003000,0.000000000000000,2703222.000000000000000,9636620.533700000494719,19933.700899999999820,19933.700851442059502,9636620.533680783584714
145,C30401,2023051901.000000000000000,2023,Lightning,2023-C30401,2.200000000000000,2023 ROLLOVER,20230519,20230521,20230519,Non-corrected ground GPS,JA70003000,0.000000000000000,2703223.000000000000000,22452.270199999999022,709.229600000000005,709.229563608307558,22452.270186479996482
146,C30675,2023061103.000000000000000,2023,Person,2023-C30675,225.400000000000006,2023 ROLLOVER,20230611,20230612,20230608,Non-corrected airborne GPS,JA70003000,0.000000000000000,2703226.000000000000000,2254206.389800000004470,10516.004699999999502,10516.004741020698930,2254206.389837781898677
147,C31143,2023072901.000000000000000,2023,Lightning,2023-C31143,308.000000000000000,2023 ROLLOVER,20230729,20230729,20230705,Non-corrected airborne GPS,JA70003000,0.000000000000000,2703227.000000000000000,3079994.250700000207871,11291.741400000000795,11291.741376115163803,3079994.250661397352815
148,C31349,2023072901.000000000000000,2023,Lightning,2023-C31349,240.099999999999994,2023 ROLLOVER,20230729,20230729,20230708,Non-corrected airborne GPS,JA70003000,0.000000000000000,2703228.000000000000000,2401489.673500000033528,9256.218999999999141,9256.218967458400584,2401489.673507456202060
149,C31442,2023072901.000000000000000,2023,Lightning,2023-C31442,38.600000000000001,2023 ROLLOVER,20230729,20230729,20230709,Non-corrected airborne GPS,JA70003000,0.000000000000000,2703229.000000000000000,385920.680600000021514,2882.541499999999814,2882.541489232008644,385920.680611816234887
150,C31538,2023091201.000000000000000,2023,Lightning,2023-C31538,10.900000000000000,2023 ROLLOVER,20230912,20230918,20230710,Non-corrected ground GPS,JA70003000,0.000000000000000,2703230.000000000000000,109035.062200000000303,2361.472000000000207,2361.472010056437284,109035.062202995584812
151,C31684,2023072901.000000000000000,2023,Lightning,2023-C31684,27.300000000000001,2023 ROLLOVER,20230729,20230729,20230714,Non-corrected airborne GPS,JA70003000,0.000000000000000,2703231.000000000000000,273025.711100000014994,2633.982399999999870,2633.982446964937935,273025.711124913243111
152,C31905,2023072201.000000000000000,2023,Lightning,2023-C31905,3.100000000000000,2023 ROLLOVER,20230722,20230723,20230719,Non-corrected ground GPS,JA70003000,0.000000000000000,2703232.000000000000000,31430.918600000000879,710.956800000000044,710.956824903945858,31430.918614301986963
153,C31958,2023072901.000000000000000,2023,Lightning,2023-C31958,1.300000000000000,2023 ROLLOVER,20230729,20230922,20230719,Non-corrected ground GPS,JA70003000,0.000000000000000,2703233.000000000000000,12914.135399999999208,560.706500000000005,560.706482902912626,12914.135376787424320
154,C32539,2023081401.000000000000000,2023,Lightning,2023-C32539,6.400000000000000,2023 ROLLOVER,20230814,20230814,20230806,Non-corrected airborne GPS,JA70003000,0.000000000000000,2703235.000000000000000,63713.730799999997544,1230.814599999999928,1230.814599787920542,63713.730821233519237
155,C33245,2023091401.000000000000000,2023,Lightning,2023-C33245,4.000000000000000,2023 ROLLOVER,20230914,20231026,20230913,Non-corrected ground GPS,JA70003000,0.000000000000000,2703236.000000000000000,40231.654399999999441,1020.232499999999959,1020.232491840357966,40231.654364247384365
156,C33527,2024032401.000000000000000,2023,Person,2023-C33527,1.100000000000000,2023 ROLLOVER,20240324,20240326,20240324,Non-corrected ground GPS,JA70003000,0.000000000000000,2703237.000000000000000,10856.871800000000803,622.228899999999953,622.228937912049560,10856.871750080625134
157,C40056,2023042101.000000000000000,2023,Person,2023-C40056,1.000000000000000,2023 ROLLOVER,20230421,20230421,20230417,Non-corrected ground GPS,JA70003000,0.000000000000000,2703238.000000000000000,10309.852000000000771,493.340399999999988,493.340415690836664,10309.852031825334052
158,C40109,2023050701.000000000000000,2023,Person,2023-C40109,11.000000000000000,2023 ROLLOVER,20230507,20230710,20230428,Non-corrected ground GPS,JA70003000,0.000000000000000,2703239.000000000000000,109580.181299999996554,1845.778299999999945,1845.778263028653782,109580.181311518157599
159,C40128,2023050101.000000000000000,2023,Person,2023-C40128,146.900000000000006,2023 ROLLOVER,20230501,20230605,20230429,Non-corrected ground GPS,JA70003000,0.000000000000000,2703240.000000000000000,1468905.243899999884889,6736.047199999999975,6736.047157997972135,1468905.243924285518005
160,C40147,2023043001.000000000000000,2023,Person,2023-C40147,3.500000000000000,2023 ROLLOVER,20230430,20230510,20230430,Non-corrected ground GPS,JA70003000,0.000000000000000,2703241.000000000000000,35041.865499999999884,1032.524899999999889,1032.524854308766862,35041.865516009856947
161,C40197,2023050401.000000000000000,2023,Lightning,2023-C40197,45.200000000000003,2023 ROLLOVER,20230504,20230710,20230503,Non-corrected ground GPS,JA70003000,0.000000000000000,2703242.000000000000000,451656.267300000006799,3690.294800000000123,3690.294831546862042,451656.267287857539486
162,C40384,2023052201.000000000000000,2023,Lightning,2023-C40384,536.899999999999977,2023 ROLLOVER,20230522,20230522,20230517,Non-corrected airborne GPS,JA70003000,0.000000000000000,2703243.000000000000000,5369217.858599999919534,13312.670700000000579,13312.670669498633288,5369217.858571768738329
163,C40392,2023052102.000000000000000,2023,Lightning,2023-C40392,23.699999999999999,2023 ROLLOVER,20230521,20230522,20230518,Non-corrected airborne GPS,JA70003000,0.000000000000000,2703244.000000000000000,236973.244299999991199,2044.440399999999954,2044.440362275773623,236973.244328158063581
164,C40397,2023042901.000000000000000,2023,Lightning,2023-C40397,2.000000000000000,2023 ROLLOVER,20230429,20230530,20230519,Non-corrected ground GPS,JA70003000,0.000000000000000,2703245.000000000000000,20001.588299999999435,804.272100000000023,804.272141956799260,20001.588258418898477
165,C41129,2023070401.000000000000000,2023,Lightning,2023-C41129,1.700000000000000,2023 ROLLOVER,20230704,20230705,20230629,Non-corrected ground GPS,JA70003000,0.000000000000000,2703246.000000000000000,17481.696499999998196,992.067000000000007,992.066991029155929,17481.696509296871227
166,C42827,2023081802.000000000000000,2023,Person,2023-C42827,0.500000000000000,2023 ROLLOVER,20230818,20231123,20230818,Non-corrected ground GPS,JA70003000,0.000000000000000,2703247.000000000000000,5448.895199999999932,287.382999999999981,287.383049103893541,5448.895164803129774
167,G30612,2023062201.000000000000000,2023,Lightning,2023-G30612,277.199999999999989,2023 ROLLOVER,20230622,20230623,20230518,Non-corrected airborne GPS,JA70003000,0.000000000000000,2703311.000000000000000,2771877.741799999959767,9554.440899999999601,9554.440932582703681,2771877.741763136349618
168,C43435,2023102201.000000000000000,2023,Person,2023-C43435,1.600000000000000,2023 ROLLOVER,20231022,20231023,20231016,Non-corrected ground GPS,JA70003000,0.000000000000000,2703248.000000000000000,16169.201600000000326,702.002899999999954,702.002857320293401,16169.201570406210521
169,V11332,2023082801.000000000000000,2023,Lightning,2023-V11332,112.099999999999994,2023 ROLLOVER,20230828,20230830,20230708,Non-corrected airborne GPS,JA70003000,0.000000000000000,2703783.000000000000000,1120609.076099999947473,5543.924899999999980,5543.924858250369653,1120609.076068980852142
170,V11337,2023092201.000000000000000,2023,Lightning,2023-V11337,17561.299999999999272,2023 ROLLOVER,20230922,20230925,20230708,Hand sketch of any type,JA70003000,0.000000000000000,2703784.000000000000000,175612613.587399989366531,143779.487099999998463,143779.487086913315579,175612613.587417423725128
171,K40541,2023053101.000000000000000,2023,Person,2023-K40541,4.700000000000000,2023 ROLLOVER,20230531,20230531,20230531,Non-corrected ground GPS,JA70003000,0.000000000000000,2703550.000000000000000,47407.314200000000710,1234.890400000000000,1234.890416963606185,47407.314160523703322
172,K40665,2023060801.000000000000000,2023,Lightning,2023-K40665,24.300000000000001,2023 ROLLOVER,20230608,20230608,20230518,Non-corrected airborne GPS,JA70003000,0.000000000000000,2703551.000000000000000,243425.515699999989010,2155.137200000000121,2155.137201730813558,243425.515710878535174
173,K41156,2023070701.000000000000000,2023,Person,2023-K41156,9.900000000000000,2023 ROLLOVER,20230707,20230708,20230706,Hand sketch of any type,JA70003000,0.000000000000000,2703552.000000000000000,98708.524699999994482,1676.701099999999997,1676.701139777078652,98708.524740863242187
174,K41410,2023061101.000000000000000,2023,Lightning,2023-K41410,7.400000000000000,2023 ROLLOVER,20230611,20230921,20230708,Non-corrected ground GPS,JA70003000,0.000000000000000,2703554.000000000000000,73786.578899999993155,1862.888599999999997,1862.888567376906394,73786.578919334730017
175,K42077,2023073101.000000000000000,2023,Lightning,2023-K42077,21.800000000000001,2023 ROLLOVER,20230731,20230801,20230721,Non-corrected ground GPS,JA70003000,0.000000000000000,2703555.000000000000000,217976.819500000012340,2314.110999999999876,2314.110994703180040,217976.819468920934014
176,K42092,2023091901.000000000000000,2023,Lightning,2023-K42092,4.100000000000000,2023 ROLLOVER,20230919,20230919,20230721,Hand sketch of any type,JA70003000,0.000000000000000,2703556.000000000000000,40534.434600000000501,936.018299999999954,936.018279583464960,40534.434594392463623
177,K42398,2023080101.000000000000000,2023,Person,2023-K42398,2.500000000000000,2023 ROLLOVER,20230801,20230816,20230801,Non-corrected ground GPS,JA70003000,0.000000000000000,2703557.000000000000000,24675.905900000001566,709.815500000000043,709.815545565502475,24675.905934339909436
178,K42421,2023082701.000000000000000,2023,Lightning,2023-K42421,52.399999999999999,2023 ROLLOVER,20230827,20230827,20230724,Non-corrected airborne GPS,JA70003000,0.000000000000000,2703558.000000000000000,524242.155299999983981,2994.644099999999980,2994.644077911520071,524242.155309663270600
179,K42454,2023080401.000000000000000,2023,Person,2023-K42454,1.100000000000000,2023 ROLLOVER,20230804,20230919,20230803,Non-corrected ground GPS,JA70003000,0.000000000000000,2703559.000000000000000,10711.037700000000768,687.748000000000047,687.748044848543145,10711.037732562905148
180,K42647,2023080801.000000000000000,2023,Lightning,2023-K42647,1.700000000000000,2023 ROLLOVER,20230808,20230919,20230801,Non-corrected ground GPS,JA70003000,0.000000000000000,2703560.000000000000000,16602.519400000001042,1184.201600000000099,1184.201565016414634,16602.519404159793339
181,K42902,2023101101.000000000000000,2023,Lightning,2023-K42902,2.100000000000000,2023 ROLLOVER,20231011,20231011,20230821,Hand sketch of any type,JA70003000,0.000000000000000,2703563.000000000000000,20520.223000000001775,532.428099999999972,532.428083259898131,20520.222958994017972
182,K42949,2023092101.000000000000000,2023,Lightning,2023-K42949,1.000000000000000,2023 ROLLOVER,20230921,20230921,20230824,Hand sketch of any type,JA70003000,0.000000000000000,2703564.000000000000000,10035.186299999999392,396.669199999999989,396.669180434708437,10035.186293869939618
183,K42961,2023090901.000000000000000,2023,Lightning,2023-K42961,16.300000000000001,2023 ROLLOVER,20230909,20230919,20230809,Non-corrected ground GPS,JA70003000,0.000000000000000,2703565.000000000000000,163468.466799999994691,1755.248199999999997,1755.248203112905230,163468.466801805596333
184,K42988,2023091901.000000000000000,2023,Person,2023-K42988,1.500000000000000,2023 ROLLOVER,20230919,20230919,20230825,Hand sketch of any type,JA70003000,0.000000000000000,2703566.000000000000000,15059.829100000000835,560.751999999999953,560.752048056867579,15059.829090520926911
185,K43506,2024031701.000000000000000,2023,Person,2023-K43506,2.800000000000000,2023 ROLLOVER,20240317,20240327,20240317,Non-corrected ground GPS,JA70003000,0.000000000000000,2703567.000000000000000,28200.513900000001740,812.226199999999949,812.226239136230902,28200.513885493801354
186,K60042,2023041601.000000000000000,2023,Person,2023-K60042,17.199999999999999,2023 ROLLOVER,20230416,20230417,20230415,Non-corrected ground GPS,JA70003000,0.000000000000000,2703582.000000000000000,171556.979099999996834,2972.264900000000125,2972.264949368097405,171556.979079338838346
187,K60127,2023043001.000000000000000,2023,Person,2023-K60127,38.899999999999999,2023 ROLLOVER,20230430,20230501,20230429,Non-corrected ground GPS,JA70003000,0.000000000000000,2703583.000000000000000,388777.913300000014715,4642.938400000000001,4642.938410524157916,388777.913260985049419
188,K60634,2023060501.000000000000000,2023,Person,2023-K60634,7.600000000000000,2023 ROLLOVER,20230605,20230612,20230605,Non-corrected ground GPS,JA70003000,0.000000000000000,2703584.000000000000000,76217.329199999992852,1710.230999999999995,1710.231017019221326,76217.329227925161831
189,K61692,2023071401.000000000000000,2023,Lightning,2023-K61692,1.400000000000000,2023 ROLLOVER,20230714,20230715,20230712,Hand sketch of any type,JA70003000,0.000000000000000,2703586.000000000000000,13705.286700000000565,563.977300000000014,563.977255085626780,13705.286690977614853
190,K61768,2023082401.000000000000000,2023,Lightning,2023-K61768,103.900000000000006,2023 ROLLOVER,20230824,20230908,20230707,Digitized other,JA70003000,0.000000000000000,2703587.000000000000000,1038860.189499999978580,6406.745499999999993,6406.745549468247191,1038860.189534108969383
191,K61969,2023072201.000000000000000,2023,Lightning,2023-K61969,8.300000000000001,2023 ROLLOVER,20230722,20230725,20230719,Hand sketch of any type,JA70003000,0.000000000000000,2703590.000000000000000,83273.829800000006799,1332.593599999999924,1332.593630443625671,83273.829761667177081
192,K62013,2021072301.000000000000000,2023,Lightning,2023-K62013,10.600000000000000,2023 ROLLOVER,20210723,20230726,20230721,Hand sketch of any type,JA70003000,0.000000000000000,2703591.000000000000000,105973.970100000005914,1588.735799999999927,1588.735759136040087,105973.970140523830196
193,K62315,2023073001.000000000000000,2023,Person,2023-K62315,5.400000000000000,2023 ROLLOVER,20230730,20230801,20230729,Non-corrected ground GPS,JA70003000,0.000000000000000,2703592.000000000000000,54256.612900000000081,1730.868999999999915,1730.869000016355358,54256.612857026942947
194,K62725,2023081401.000000000000000,2023,Lightning,2023-K62725,1.100000000000000,2023 ROLLOVER,20230814,20230815,20230812,Non-corrected ground GPS,JA70003000,0.000000000000000,2703594.000000000000000,11369.319799999999304,579.314200000000028,579.314191658308346,11369.319822737339564
195,K62759,2023081501.000000000000000,2023,Person,2023-K62759,3.900000000000000,2023 ROLLOVER,20230815,20230815,20230814,Non-corrected ground GPS,JA70003000,0.000000000000000,2703595.000000000000000,39454.166100000002189,946.477300000000014,946.477339400484084,39454.166103912255494
196,K70037,2023041501.000000000000000,2023,Person,2023-K70037,13.000000000000000,2023 ROLLOVER,20230415,20230425,20230414,Non-corrected ground GPS,JA70003000,0.000000000000000,2703596.000000000000000,130375.523000000001048,2402.569300000000112,2402.569297401366839,130375.522961650800426
197,K70060,2023041902.000000000000000,2023,Person,2023-K70060,28.800000000000001,2023 ROLLOVER,20230419,20230510,20230418,Non-corrected ground GPS,JA70003000,0.000000000000000,2703597.000000000000000,288264.868699999991804,4404.338200000000143,4404.338239248808350,288264.868664895475376
198,K70092,2023043001.000000000000000,2023,Person,2023-K70092,7.600000000000000,2023 ROLLOVER,20230430,20230602,20230426,Non-corrected ground GPS,JA70003000,0.000000000000000,2703598.000000000000000,75907.553199999994831,2837.071800000000167,2837.071808787572081,75907.553165537450695
199,K71415,2023102701.000000000000000,2023,Lightning,2023-K71415,116.299999999999997,2023 ROLLOVER,20231027,20231030,20230707,Digitized other,JA70003000,0.000000000000000,2703600.000000000000000,1163415.238700000103563,4920.893600000000333,4920.893644376331395,1163415.238726874114946
200,K71535,2023091601.000000000000000,2023,Lightning,2023-K71535,11248.399999999999636,2023 ROLLOVER,20230916,20230916,20230710,Non-corrected airborne GPS,JA70003000,0.000000000000000,2703601.000000000000000,112484094.586899995803833,99488.553599999999278,99488.553563508277875,112484094.586918070912361
201,K71634,2023090601.000000000000000,2023,Lightning,2023-K71634,4734.300000000000182,2023 ROLLOVER,20230906,20230907,20230712,Non-corrected ground GPS,JA70003000,0.000000000000000,2703602.000000000000000,47342504.993400000035763,49038.274899999996705,49038.274863131286111,47342504.993431545794010
202,K20006,2023040401.000000000000000,2023,Person,2023-K20006,16.000000000000000,2023 ROLLOVER,20230404,20230511,20230404,Non-corrected ground GPS,JA70003000,0.000000000000000,2703511.000000000000000,160290.836700000014389,3545.230100000000220,3545.230082826578837,160290.836702738743043
203,K20029,2023041401.000000000000000,2023,Person,2023-K20029,3.100000000000000,2023 ROLLOVER,20230414,20230418,20230414,Digitized other,JA70003000,0.000000000000000,2703512.000000000000000,30643.169300000001385,883.882100000000037,883.882146071654233,30643.169312825433735
204,K20034,2023041401.000000000000000,2023,Person,2023-K20034,11.400000000000000,2023 ROLLOVER,20230414,20230427,20230414,Non-corrected ground GPS,JA70003000,0.000000000000000,2703513.000000000000000,113768.924199999994016,1335.528700000000072,1335.528749094583418,113768.924238138264627
205,K71658,2023081701.000000000000000,2023,Lightning,2023-K71658,277.600000000000023,2023 ROLLOVER,20230817,20230817,20230712,Non-corrected airborne GPS,JA70003000,0.000000000000000,2703604.000000000000000,2775558.553100000135601,10634.487199999999575,10634.487226551522326,2775558.553091799840331
206,K71705,2023082801.000000000000000,2023,Lightning,2023-K71705,5021.600000000000364,2023 ROLLOVER,20230828,20230828,20230712,Digitized other,JA70003000,0.000000000000000,2703605.000000000000000,50216010.045699998736382,64881.059300000000803,64881.059310690696293,50216010.045729018747807
207,K71707,2023091001.000000000000000,2023,Lightning,2023-K71707,651.000000000000000,2023 ROLLOVER,20230910,20230910,20230712,Hand sketch of any type,JA70003000,0.000000000000000,2703606.000000000000000,6510467.257799999788404,13073.695499999999811,13073.695461856901602,6510467.257750077173114
208,K71778,2023080301.000000000000000,2023,Lightning,2023-K71778,589.200000000000045,2023 ROLLOVER,20230803,20230803,20230715,Corrected ground GPS,JA70003000,0.000000000000000,2703607.000000000000000,5892077.221699999645352,12348.984599999999773,12348.984626080555245,5892077.221737048588693
209,K72705,2023082901.000000000000000,2023,Lightning,2023-K72705,1129.400000000000091,2023 ROLLOVER,20230829,20230830,20230809,Non-corrected airborne GPS,JA70003000,0.000000000000000,2703608.000000000000000,11293870.029899999499321,19026.873899999998685,19026.873878278871416,11293870.029882580041885
210,K20046,2023051401.000000000000000,2023,Person,2023-K20046,2.000000000000000,2023 ROLLOVER,20230514,20230515,20230415,Non-corrected ground GPS,JA70003000,0.000000000000000,2703514.000000000000000,20016.402600000001257,640.614000000000033,640.614029060844700,20016.402647469752992
211,K20063,2023041901.000000000000000,2023,Person,2023-K20063,0.900000000000000,2023 ROLLOVER,20230419,20230427,20230419,Non-corrected ground GPS,JA70003000,0.000000000000000,2703515.000000000000000,9215.083899999999630,473.016500000000008,473.016541765375791,9215.083943653316965
212,K20066,2023042001.000000000000000,2023,Person,2023-K20066,5.700000000000000,2023 ROLLOVER,20230420,20230421,20230420,Non-corrected ground GPS,JA70003000,0.000000000000000,2703516.000000000000000,57038.572200000002340,1882.221399999999903,1882.221440476946100,57038.572214272760903
213,K20103,2023042701.000000000000000,2023,Person,2023-K20103,2.300000000000000,2023 ROLLOVER,20230427,20230501,20230427,Non-corrected ground GPS,JA70003000,0.000000000000000,2703517.000000000000000,23432.883999999998196,688.497799999999984,688.497843244693513,23432.883997979264677
214,K72771,2023090901.000000000000000,2023,Lightning,2023-K72771,131.599999999999994,2023 ROLLOVER,20230909,20230909,20230814,Non-corrected ground GPS,JA70003000,0.000000000000000,2703609.000000000000000,1315654.676999999908730,5524.185699999999997,5524.185687870410220,1315654.676963355392218
215,K73066,2023102701.000000000000000,2023,Lightning,2023-K73066,480.399999999999977,2023 ROLLOVER,20231027,20231030,20230824,Digitized other,JA70003000,0.000000000000000,2703610.000000000000000,4803662.883600000292063,11451.519000000000233,11451.518959834171255,4803662.883640441112220
216,K73144,2023091201.000000000000000,2023,Lightning,2023-K73144,26.899999999999999,2023 ROLLOVER,20230912,20230912,20230901,Non-corrected airborne GPS,JA70003000,0.000000000000000,2703611.000000000000000,268970.059300000022631,2917.744599999999991,2917.744617130098504,268970.059274209314026
217,K20469,2023102701.000000000000000,2023,Lightning,2023-K20469,1711.599999999999909,2023 ROLLOVER,20231027,20231030,20230517,Digitized other,JA70003000,0.000000000000000,2703518.000000000000000,17116190.160700000822544,26645.581999999998516,26645.581974832348351,17116190.160690806806087
218,K20627,2023060501.000000000000000,2023,Person,2023-K20627,1.600000000000000,2023 ROLLOVER,20230605,20230609,20230605,Non-corrected ground GPS,JA70003000,0.000000000000000,2703519.000000000000000,15851.874900000000707,966.984699999999975,966.984656865081888,15851.874851690225114
219,K20636,2023060501.000000000000000,2023,Person,2023-K20636,3.500000000000000,2023 ROLLOVER,20230605,20230608,20230605,Non-corrected ground GPS,JA70003000,0.000000000000000,2703520.000000000000000,34517.099600000001374,1045.680200000000013,1045.680190212218577,34517.099649267591303
220,K21148,2023070701.000000000000000,2023,Person,2023-K21148,16.399999999999999,2023 ROLLOVER,20230707,20230708,20230703,Non-corrected ground GPS,JA70003000,0.000000000000000,2703521.000000000000000,163630.086899999994785,1751.006399999999985,1751.006378929183029,163630.086861349147512
221,K21190,2023070701.000000000000000,2023,Lightning,2023-K21190,0.300000000000000,2023 ROLLOVER,20230707,20230724,20230707,Non-corrected ground GPS,JA70003000,0.000000000000000,2703522.000000000000000,3460.413500000000113,367.187599999999975,367.187557462954544,3460.413468738299343
222,K21379,2023102701.000000000000000,2023,Lightning,2023-K21379,2407.099999999999909,2023 ROLLOVER,20231027,20231030,20230707,Digitized other,JA70003000,0.000000000000000,2703523.000000000000000,24071386.461599998176098,35365.358200000002398,35365.358193102227233,24071386.461621496826410
223,K21384,2023091901.000000000000000,2023,Lightning,2023-K21384,20745.500000000000000,2023 ROLLOVER,20230919,20230919,20230707,Processed IR image,JA70003000,0.000000000000000,2703524.000000000000000,207454507.187500000000000,153877.371099999989383,153877.371133559005102,207454507.187521457672119
224,K21595,2023072801.000000000000000,2023,Lightning,2023-K21595,11.500000000000000,2023 ROLLOVER,20230728,20230801,20230701,Non-corrected airborne GPS,JA70003000,0.000000000000000,2703525.000000000000000,114724.642500000001746,1399.519500000000107,1399.519491634430779,114724.642488992918516
225,K21607,2023071501.000000000000000,2023,Lightning,2023-K21607,80.000000000000000,2023 ROLLOVER,20230715,20230717,20230712,Non-corrected ground GPS,JA70003000,0.000000000000000,2703526.000000000000000,799632.196299999952316,4201.044600000000173,4201.044649193409896,799632.196330415434204
226,K21628,2023071301.000000000000000,2023,Lightning,2023-K21628,0.600000000000000,2023 ROLLOVER,20230713,20230714,20230707,Non-corrected ground GPS,JA70003000,0.000000000000000,2703527.000000000000000,5597.181899999999587,368.401999999999987,368.402034088956214,5597.181907702756689
227,K21633,2023092501.000000000000000,2023,Lightning,2023-K21633,45745.199999999997090,2023 ROLLOVER,20230925,20230926,20230712,Non-corrected airborne GPS,JA70003000,0.000000000000000,2703528.000000000000000,457452016.862800002098083,354538.965700000000652,354538.965724439651240,457452016.862820327281952
228,K21793,2023071901.000000000000000,2023,Lightning,2023-K21793,3.100000000000000,2023 ROLLOVER,20230719,20230720,20230716,Non-corrected ground GPS,JA70003000,0.000000000000000,2703529.000000000000000,31423.080699999998615,778.718899999999962,778.718882539735205,31423.080665378420235
229,K21795,2023070801.000000000000000,2023,Lightning,2023-K21795,1.500000000000000,2023 ROLLOVER,20230708,20230719,20230716,Non-corrected ground GPS,JA70003000,0.000000000000000,2703530.000000000000000,14695.207899999999427,597.145599999999945,597.145551778664526,14695.207885937588799
230,K21989,2023072101.000000000000000,2023,Lightning,2023-K21989,0.200000000000000,2023 ROLLOVER,20230721,20230802,20230720,Non-corrected ground GPS,JA70003000,0.000000000000000,2703531.000000000000000,1737.387799999999970,182.426600000000008,182.426629792618371,1737.387824190690935
231,K22003,2023090501.000000000000000,2023,Lightning,2023-K22003,13.000000000000000,2023 ROLLOVER,20230905,20231020,20230720,Non-corrected ground GPS,JA70003000,0.000000000000000,2703532.000000000000000,129714.468800000002375,1914.796499999999924,1914.796490733574274,129714.468757635433576
232,K22024,2023092601.000000000000000,2023,Lightning,2023-K22024,11413.299999999999272,2023 ROLLOVER,20230926,20230927,20230720,Corrected airborne GPS,JA70003000,0.000000000000000,2703533.000000000000000,114132777.096000000834465,80442.745800000004238,80442.745795354814618,114132777.095990285277367
233,K22026,2023072301.000000000000000,2023,Lightning,2023-K22026,4.400000000000000,2023 ROLLOVER,20230723,20230801,20230720,Non-corrected ground GPS,JA70003000,0.000000000000000,2703534.000000000000000,44495.987399999998161,1198.796299999999974,1198.796308746096884,44495.987359890328662
234,K22190,2023091901.000000000000000,2023,Lightning,2023-K22190,103.400000000000006,2023 ROLLOVER,20230919,20230919,20230721,Processed IR image,JA70003000,0.000000000000000,2703535.000000000000000,1034359.468100000056438,3697.963400000000092,3697.963402771121764,1034359.468072969117202
235,K22241,2023080401.000000000000000,2023,Lightning,2023-K22241,1.000000000000000,2023 ROLLOVER,20230804,20230905,20230717,Non-corrected airborne GPS,JA70003000,0.000000000000000,2703536.000000000000000,10496.983299999999872,422.505200000000002,422.505245199074466,10496.983308041615601
236,K22305,2023072801.000000000000000,2023,Lightning,2023-K22305,18.100000000000001,2023 ROLLOVER,20230728,20230731,20230701,Non-corrected airborne GPS,JA70003000,0.000000000000000,2703537.000000000000000,180704.182200000010198,1723.517900000000054,1723.517890229540399,180704.182166136946762
237,K22462,2023080801.000000000000000,2023,Lightning,2023-K22462,4.600000000000000,2023 ROLLOVER,20230808,20230808,20230624,Non-corrected airborne GPS,JA70003000,0.000000000000000,2703538.000000000000000,45693.042600000000675,894.723799999999983,894.723796602994980,45693.042553193852655
238,K22463,2023080801.000000000000000,2023,Lightning,2023-K22463,4.500000000000000,2023 ROLLOVER,20230808,20230808,20230716,Non-corrected airborne GPS,JA70003000,0.000000000000000,2703539.000000000000000,45251.170100000003004,823.469299999999976,823.469293826547414,45251.170081836513418
239,K22542,2023080601.000000000000000,2023,Lightning,2023-K22542,10.300000000000001,2023 ROLLOVER,20230806,20230808,20230728,Non-corrected airborne GPS,JA70003000,0.000000000000000,2703540.000000000000000,102548.225200000000768,1189.072899999999890,1189.072889920163561,102548.225154269573977
240,K22543,2023080701.000000000000000,2023,Lightning,2023-K22543,2.600000000000000,2023 ROLLOVER,20230807,20230831,20230725,Non-corrected ground GPS,JA70003000,0.000000000000000,2703541.000000000000000,26061.656500000000960,615.613200000000006,615.613203491560739,26061.656507760530076
241,K22753,2023082901.000000000000000,2023,Lightning,2023-K22753,5.000000000000000,2023 ROLLOVER,20230829,20230829,20230717,Non-corrected airborne GPS,JA70003000,0.000000000000000,2703542.000000000000000,50499.939500000000407,942.845900000000029,942.845895942708808,50499.939452690545295
242,K22757,2023091801.000000000000000,2023,Lightning,2023-K22757,1771.900000000000091,2023 ROLLOVER,20230918,20230918,20230717,Non-corrected airborne GPS,JA70003000,0.000000000000000,2703543.000000000000000,17719082.099899999797344,33868.030800000000454,33868.030778855521930,17719082.099875062704086
243,K22810,2023081901.000000000000000,2023,Lightning,2023-K22810,17.399999999999999,2023 ROLLOVER,20230819,20230821,20230817,Non-corrected airborne GPS,JA70003000,0.000000000000000,2703544.000000000000000,174232.951999999990221,1680.955699999999979,1680.955702538226888,174232.951960537786363
244,K22873,2023082301.000000000000000,2023,Lightning,2023-K22873,1.300000000000000,2023 ROLLOVER,20230823,20230824,20230817,Non-corrected ground GPS,JA70003000,0.000000000000000,2703545.000000000000000,12867.330500000000029,624.949600000000032,624.949583480324236,12867.330455063498448
245,K23536,2024032601.000000000000000,2023,Person,2023-K23536,2.800000000000000,2023 ROLLOVER,20240326,20240327,20240326,Non-corrected ground GPS,JA70003000,0.000000000000000,2703546.000000000000000,27833.416199999999662,1212.235400000000027,1212.235392757755108,27833.416161712098983
246,K40216,2023051801.000000000000000,2023,Person,2023-K40216,11.100000000000000,2023 ROLLOVER,20230518,20230519,20230505,Non-corrected ground GPS,JA70003000,0.000000000000000,2703547.000000000000000,110786.412400000001071,2310.075100000000020,2310.075063702774059,110786.412350135651650
247,K40420,2023052101.000000000000000,2023,Lightning,2023-K40420,2.000000000000000,2023 ROLLOVER,20230521,20230630,20230518,Non-corrected ground GPS,JA70003000,0.000000000000000,2703548.000000000000000,20224.674299999998766,735.081199999999967,735.081205902137413,20224.674285861383396
248,K40421,2023052101.000000000000000,2023,Lightning,2023-K40421,8.500000000000000,2023 ROLLOVER,20230521,20230621,20230518,Non-corrected airborne GPS,JA70003000,0.000000000000000,2703549.000000000000000,85036.736499999999069,1826.595499999999902,1826.595457201533236,85036.736523603700334
249,C10382,2023052002.000000000000000,2023,Lightning,2023-C10382,74.299999999999997,2023 ROLLOVER,20230520,20230602,20230518,Non-corrected airborne GPS,JA70003000,0.000000000000000,2703190.000000000000000,742829.569699999992736,5715.166799999999967,5715.166830441805359,742829.569696234306321
250,C10395,2023051901.000000000000000,2023,Lightning,2023-C10395,19.000000000000000,2023 ROLLOVER,20230519,20230523,20230517,Non-corrected ground GPS,JA70003000,0.000000000000000,2703191.000000000000000,189767.975500000000466,3535.955399999999827,3535.955399958560065,189767.975541259860620
251,G10065,2023042001.000000000000000,2023,Person,2023-G10065,16.399999999999999,2023 ROLLOVER,20230420,20230505,20230420,Non-corrected ground GPS,JA70003000,0.000000000000000,2703276.000000000000000,164172.069900000002235,4574.971499999999651,4574.971517665637293,164172.069921879650792
252,G10224,2023050502.000000000000000,2023,Person,2023-G10224,1.200000000000000,2023 ROLLOVER,20230505,20230510,20230505,Non-corrected ground GPS,JA70003000,0.000000000000000,2703279.000000000000000,11517.504800000000614,888.479000000000042,888.479037921944837,11517.504830340832996
253,G10411,2023052601.000000000000000,2023,Lightning,2023-G10411,36.399999999999999,2023 ROLLOVER,20230526,20230529,20230519,Non-corrected ground GPS,JA70003000,0.000000000000000,2703280.000000000000000,363550.285299999988638,7056.692600000000311,7056.692553709925960,363550.285296005080454
254,C11458,2023071501.000000000000000,2023,Lightning,2023-C11458,27.899999999999999,2023 ROLLOVER,20230715,20230716,20230709,Derived from satellite imagery,JA70003000,0.000000000000000,2703203.000000000000000,279010.437700000009499,2324.839800000000196,2324.839763554175533,279010.437731908808928
255,C11489,2023071401.000000000000000,2023,Lightning,2023-C11489,13.400000000000000,2023 ROLLOVER,20230714,20230731,20230709,Non-corrected ground GPS,JA70003000,0.000000000000000,2703204.000000000000000,133647.491500000003725,2248.216399999999794,2248.216352542001914,133647.491502474062145
256,G11360,2023071001.000000000000000,2023,Lightning,2023-G11360,2.700000000000000,2023 ROLLOVER,20230710,20230713,20230706,Non-corrected ground GPS,JA70003000,0.000000000000000,2703287.000000000000000,27490.549699999999575,914.542500000000018,914.542540549018554,27490.549692388412950
257,G11447,2023071101.000000000000000,2023,Lightning,2023-G11447,2.000000000000000,2023 ROLLOVER,20230711,20230721,20230708,Non-corrected ground GPS,JA70003000,0.000000000000000,2703289.000000000000000,20132.602299999998650,728.200900000000047,728.200905812679707,20132.602277703324944
258,C30446,2023072901.000000000000000,2023,Lightning,2023-C30446,241.699999999999989,2023 ROLLOVER,20230729,20230729,20230520,Non-corrected airborne GPS,JA70003000,0.000000000000000,2703224.000000000000000,2417044.205800000112504,8253.325600000000122,8253.325644840189852,2417044.205836235079914
259,G11912,2023072001.000000000000000,2023,Lightning,2023-G11912,3.400000000000000,2023 ROLLOVER,20230720,20230721,20230718,Non-corrected airborne GPS,JA70003000,0.000000000000000,2703295.000000000000000,33874.445299999999406,908.232899999999972,908.232909834123006,33874.445321144252375
260,G11943,2023090301.000000000000000,2023,Lightning,2023-G11943,13.600000000000000,2023 ROLLOVER,20230903,20230904,20230718,Derived from satellite imagery,JA70003000,0.000000000000000,2703296.000000000000000,135526.654399999999441,1978.970399999999927,1978.970422726033576,135526.654390956129646
261,C32266,2023072901.000000000000000,2023,Lightning,2023-C32266,53.000000000000000,2023 ROLLOVER,20230729,20230729,20230725,Non-corrected airborne GPS,JA70003000,0.000000000000000,2703234.000000000000000,530130.947900000028312,3199.165199999999913,3199.165237099026854,530130.947928741457872
262,G12128,2023081701.000000000000000,2023,Lightning,2023-G12128,3.200000000000000,2023 ROLLOVER,20230817,20230818,20230721,Hand sketch of any type,JA70003000,0.000000000000000,2703303.000000000000000,32140.800800000000891,799.909800000000018,799.909834539976828,32140.800787840173143
263,G12160,2023072501.000000000000000,2023,Lightning,2023-G12160,10.800000000000001,2023 ROLLOVER,20230725,20230809,20230721,Non-corrected ground GPS,JA70003000,0.000000000000000,2703305.000000000000000,107758.288899999999558,2648.295599999999922,2648.295570054490781,107758.288938501733355
264,G12186,2023072401.000000000000000,2023,Lightning,2023-G12186,122.700000000000003,2023 ROLLOVER,20230724,20230724,20230717,Non-corrected airborne GPS,JA70003000,0.000000000000000,2703306.000000000000000,1227192.169299999950454,4493.921400000000176,4493.921412058519309,1227192.169319049455225
265,G11181,2023071101.000000000000000,2023,Lightning,2023-G11181,1.800000000000000,2023 ROLLOVER,20230711,20230721,20230706,Non-corrected ground GPS,JA70003000,0.000000000000000,2703282.000000000000000,18169.933199999999488,756.135899999999992,756.135897370925363,18169.933232099021552
266,G11278,2023071401.000000000000000,2023,Lightning,2023-G11278,6.300000000000000,2023 ROLLOVER,20230714,20230717,20230706,Non-corrected ground GPS,JA70003000,0.000000000000000,2703284.000000000000000,62821.748299999999290,1508.749700000000075,1508.749736727971140,62821.748318169346021
267,G30210,2023051201.000000000000000,2023,Person,2023-G30210,1006.399999999999977,2023 ROLLOVER,20230512,20230515,20230504,Non-corrected ground GPS,JA70003000,0.000000000000000,2703309.000000000000000,10064431.012000000104308,42075.239000000001397,42075.238973540261213,10064431.012005953118205
268,G30423,2023052101.000000000000000,2023,Lightning,2023-G30423,0.900000000000000,2023 ROLLOVER,20230521,20240131,20230520,Derived from satellite imagery,JA70003000,0.000000000000000,2703310.000000000000000,8692.992399999999179,348.639200000000017,348.639234922323112,8692.992388587930691
269,G32134,2023072301.000000000000000,2023,Lightning,2023-G32134,16.100000000000001,2023 ROLLOVER,20230723,20230725,20230721,Non-corrected airborne GPS,JA70003000,0.000000000000000,2703312.000000000000000,160716.017400000011548,1591.930399999999963,1591.930382527300935,160716.017447092162911
270,C30572,2023060401.000000000000000,2023,Lightning,2023-C30572,25.600000000000001,2023 ROLLOVER,20230604,20230605,20230602,Non-corrected airborne GPS,JA70003000,0.000000000000000,2703225.000000000000000,256489.001699999993434,2144.818900000000212,2144.818885961954493,256489.001082672417397
271,K71649,2023091701.000000000000000,2023,Lightning,2023-K71649,9565.100000000000364,2023 ROLLOVER,20230917,20230917,20230712,Non-corrected airborne GPS,JA70003000,0.000000000000000,2703603.000000000000000,95650500.439700007438660,100115.696299999995972,100115.696299044138868,95650500.442336216568947
